program id;modified
1;20230328
1;20230308
1;20230328
1;20230328
1;20230602
1;20230308
1;20230308
1;20230522
1;20230603
1;20230308
1;20230522
1;20230328
1;20230328
1;20230308
1;20230308
1;20230522
1;20230328
1;20230503
1;20230328
1;20230602
1;20230603
1;20230308
1;20230507
1;20230522
1;20230406
1;20230308
1;20230328
1;20230308
1;20230415
1;20230522
1;20230507
1;20230328
1;20230406
1;20230406
1;20230603
1;20230308
1;20230308
1;20230328
1;20230308
1;20230603
1;20230602
1;20230522
1;20230308
1;20230308
1;20230415
1;20230308
1;20230308
1;20230328
1;20230603
1;20230308
1;20230522
1;20230510
1;20230602
1;20230308
1;20230328
1;20230604
1;20230308
1;20230308
1;20230602
1;20230522
1;20230308
1;20230328
1;20230603
1;20230308
1;20230308
1;20230602
1;20230308
1;20230603
1;20230308
1;20230425
1;20230606
1;20230509
1;20230603
1;20230308
1;20230328
1;20230319
1;20230522
1;20230308
1;20230603
1;20230328
1;20230603
1;20230522
1;20230308
1;20230430
1;20230609
1;20230328
1;20230308
1;20230328
1;20230603
1;20230308
1;20230507
1;20230328
1;20230509
1;20230328
1;20230522
1;20230308
1;20230603
1;20230308
1;20230522
1;20230415
1;20230328
1;20230308
1;20230402
1;20230308
1;20230308
1;20230308
1;20230328
1;20230602
1;20230328
1;20230425
1;20230603
1;20230603
1;20230522
1;20230606
1;20230328
1;20230308
1;20230603
1;20230308
1;20230522
1;20230328
1;20230328
1;20230606
1;20230308
1;20230328
1;20230328
1;20230328
1;20230603
1;20230522
1;20230509
1;20230425
1;20230602
1;20230328
1;20230602
1;20230328
1;20230603
1;20230522
1;20230308
1;20230509
1;20230308
1;20230603
